{"cameraMode":{"drawMode":3,"name":"Shadow Cascades","section":"Miscellaneous"},"sceneLighting":false,"audioPlay":false,"sceneViewState":{"m_AlwaysRefresh":false,"showFog":true,"showSkybox":false,"showFlares":true,"showImageEffects":true,"showParticleSystems":true,"showVisualEffectGraphs":true,"m_FxEnabled":true},"in2DMode":false,"pivot":{"x":-0.6820492744445801,"y":-0.000001430511474609375,"z":-5.247960567474365},"rotation":{"x":0.050754085183143619,"y":0.9349697828292847,"z":-0.3177449703216553,"w":0.14934760332107545},"size":0.8660253882408142,"orthographic":false}