{"cameraMode":{"drawMode":3,"name":"Shadow Cascades","section":"Miscellaneous"},"sceneLighting":true,"audioPlay":false,"sceneViewState":{"m_AlwaysRefresh":false,"showFog":true,"showSkybox":true,"showFlares":true,"showImageEffects":true,"showParticleSystems":true,"showVisualEffectGraphs":true,"m_FxEnabled":true},"in2DMode":false,"pivot":{"x":451.7466125488281,"y":314.51898193359377,"z":-480.1446838378906},"rotation":{"x":0.08393225073814392,"y":-0.00798337534070015,"z":0.00043619380448944867,"w":0.9968884587287903},"size":0.8660253882408142,"orthographic":false}