{"cameraMode":{"drawMode":3,"name":"Shadow Cascades","section":"Miscellaneous"},"sceneLighting":false,"audioPlay":false,"sceneViewState":{"m_AlwaysRefresh":false,"showFog":true,"showSkybox":false,"showFlares":true,"showImageEffects":true,"showParticleSystems":true,"showVisualEffectGraphs":true,"m_FxEnabled":true},"in2DMode":false,"pivot":{"x":0.0006347596645355225,"y":-0.11817646026611328,"z":-0.004294738173484802},"rotation":{"x":-0.04706801101565361,"y":-0.9186909794807434,"z":0.37633344531059267,"w":-0.11487627029418946},"size":1.144656777381897,"orthographic":false}