{"cameraMode":{"drawMode":3,"name":"Shadow Cascades","section":"Miscellaneous"},"sceneLighting":false,"audioPlay":false,"sceneViewState":{"m_AlwaysRefresh":false,"showFog":true,"showSkybox":false,"showFlares":true,"showImageEffects":true,"showParticleSystems":true,"showVisualEffectGraphs":true,"m_FxEnabled":true},"in2DMode":false,"pivot":{"x":-0.13388819992542268,"y":-0.014005633071064949,"z":-1.3758126497268677},"rotation":{"x":-0.0015615826705470682,"y":0.9959924817085266,"z":-0.08777303248643875,"w":-0.018235569819808008},"size":1.586851716041565,"orthographic":false}