{"cameraMode":{"drawMode":0,"name":"Shaded","section":"Shading Mode"},"sceneLighting":false,"audioPlay":false,"sceneViewState":{"m_AlwaysRefresh":false,"showFog":true,"showSkybox":false,"showFlares":true,"showImageEffects":true,"showParticleSystems":true,"showVisualEffectGraphs":true,"m_FxEnabled":true},"in2DMode":false,"pivot":{"x":0.065697580575943,"y":0.029076293110847474,"z":0.0020595192909240724},"rotation":{"x":-0.020257115364074708,"y":-0.842944860458374,"z":0.03192637488245964,"w":-0.5370089411735535},"size":0.867389440536499,"orthographic":false}